{
    "inputs": [
      {
        "time": 1,
        "coordinatesInput": {
          "x1": 1,
          "x2": 2,
          "y1": 1,
          "y2": 2
        }
      },
      {
        "time": 2,
        "coordinatesInput": {
          "x1": 2,
          "x2": 3,
          "y1": 2,
          "y2": 3
        }
      },
      {
        "time": 3,
        "coordinatesInput": {
          "x1": 3,
          "x2": 4,
          "y1": 3,
          "y2": 4
        }
      },
      {
        "time": 4,
        "coordinatesInput": {
          "x1": 4,
          "x2": 5,
          "y1": 4,
          "y2": 5
        }
      }
    ],
    "outputs": {
      "speed": 45,
      "angle": 45,
      "spinAxis": 45,
      "distance": 45,
      "rpm": 1000,
      "resultData": [
        {
          "time": 1,
          "coordinatesOutput": {
            "x": 1,
            "y": 1,
            "z": 1
          }
        },
        {
          "time": 2,
          "coordinatesOutput": {
            "x": 2,
            "y": 2,
            "z": 2
          }
        },
        {
          "time": 3,
          "coordinatesOutput": {
            "x": 3,
            "y": 3,
            "z": 3
          }
        },
        {
          "time": 4,
          "coordinatesOutput": {
            "x": 4,
            "y": 4,
            "z": 4
          }
        }
      ]
    }
  }